timestamp,temperature,event
1590243179894,38,FEVER_START_EVENT
1590243209906,32,NONE
1590243239916,39,NONE
1590243269929,37,NONE
1590243299939,39,NONE
1590243329950,37,NONE
1590243359961,30,NONE
1590243389971,38,NONE
1590243419985,36,NONE
1590243449996,36,NONE
1590243480008,33,NONE
1590243510008,38,NONE
1590243540013,34,NONE
1590243570026,32,NONE
1590243600037,36,NONE
1590243630047,34,NONE
1590243660059,32,NONE
1590243690072,35,NONE
1590243720074,34,NONE
1590243750074,32,NONE
1590243771163,30,NONE
1590243776164,39,FEVER_START_EVENT
1590243781167,34,NONE
1590243786170,36,NONE
1590243791173,37,NONE
1590243796175,30,NONE
1590243801177,31,NONE
1590243806179,35,NONE
1590243811182,37,NONE
1590243816185,35,NONE
1590243821187,30,NONE
1590243826190,36,NONE
1590243831192,31,FEVER_END_EVENT
1590243836194,34,NONE
1590243841197,34,NONE
1590243846199,32,NONE
1590243851201,38,FEVER_START_EVENT
1590243856204,37,NONE
1590243861206,32,NONE
1590243866209,39,NONE
1590243871210,39,NONE
1590243876212,37,NONE
1590243881214,39,NONE
1590243886216,32,NONE
1590243891219,36,NONE
1590243896221,34,NONE
1590243901223,33,NONE
1590243906225,35,NONE
1590243911228,30,NONE
1590243916230,39,NONE
1590243921232,34,NONE
1590243926235,32,NONE
1590243931237,37,NONE
1590243936240,38,NONE
1590243941242,34,NONE
1590243946248,35,NONE
1590243951284,38,NONE
1590243956286,32,NONE
1590243961289,34,NONE
1590243966293,33,NONE
1590243971295,38,NONE
1590243976298,33,NONE
1590243981300,34,NONE
1590243986302,32,NONE
1590243991305,37,NONE
1590243996307,39,NONE
1590244001309,39,NONE
1590244006327,38,NONE
1590244011329,30,NONE
1590244016344,31,NONE
1590244021344,38,NONE
1590244026348,32,NONE
1590244031349,36,NONE
1590244036352,31,NONE
1590244041354,32,NONE
1590244046359,30,NONE
1590244051363,37,NONE
1590244056365,33,NONE
1590244061373,35,NONE
1590244066388,33,NONE
1590244071390,36,NONE
1590244076391,30,FEVER_END_EVENT
1590244081408,31,NONE
1590244086410,31,NONE
1590244091412,30,NONE
1590244096414,38,FEVER_START_EVENT
1590244101418,39,NONE
1590244106419,38,NONE
1590244111419,34,NONE
1590244116432,37,NONE
1590244121433,32,NONE
1590244126435,32,NONE
1590244131438,32,NONE
1590244136449,31,NONE
1590244141449,39,NONE
1590244146452,31,NONE
1590244151455,36,NONE
1590244156469,31,NONE
1590244161470,38,NONE
1590244166472,33,NONE
1590244171475,36,NONE
1590244176476,32,NONE
1590244181479,38,NONE
1590244186480,35,NONE
1590244191480,34,NONE
1590244196484,36,NONE
1590244201484,32,NONE
1590244206487,38,NONE
1590244211489,34,NONE
1590244216493,30,NONE
1590244221508,31,NONE
1590244226511,35,NONE
1590244231512,34,NONE
1590244236512,35,NONE
1590244241516,31,NONE
1590244246517,34,NONE
1590244251521,35,NONE
1590244256522,34,NONE
1590244261524,39,FEVER_END_EVENT
1590244266525,38,FEVER_START_EVENT
1590244271528,38,NONE
1590244276529,34,NONE
1590244281529,31,NONE
1590244286532,33,NONE
1590244291536,36,NONE
1590244296539,38,NONE
1590244301540,37,NONE
1590244306541,38,NONE
1590244311541,39,NONE
1590244316547,31,NONE
1590244321547,33,NONE
1590244326547,34,NONE
1590244331550,37,NONE
1590244336552,37,NONE
1590244341554,37,NONE
1590244346555,38,NONE
1590244351558,31,NONE
1590244356560,35,NONE
1590244361560,34,NONE
1590244366579,36,NONE
1590244371580,36,NONE
1590244376584,38,NONE
1590244381599,35,NONE
1590244386599,34,NONE
1590244391619,36,NONE
1590244396622,31,NONE
1590244401635,31,NONE
1590244406651,36,NONE
1590244411673,38,NONE
1590244416676,35,NONE
1590244421692,31,NONE
1590244426695,31,NONE
1590244431708,39,NONE
1590244436709,36,NONE
1590244441712,37,NONE
1590244446719,31,NONE
1590244451721,34,NONE
1590244456722,34,NONE
1590244461724,35,NONE
1590244466727,35,NONE
1590244471728,38,NONE
1590244476730,31,NONE
1590244481731,31,NONE
1590244486735,32,NONE
1590244491736,38,NONE
1590244496736,37,NONE
1590244501738,37,NONE
1590244506746,38,NONE
1590244511759,36,NONE
1590244516775,38,NONE
1590244521778,32,NONE
1590244526780,36,NONE
1590244531782,34,NONE
1590244536784,35,NONE
1590244541786,37,NONE
1590244546786,32,NONE
1590244551801,38,NONE
1590244556807,34,NONE
1590244561817,33,NONE
1590244566827,39,NONE
1590244571827,30,NONE
1590244576832,39,NONE
1590244581884,36,NONE
1590244586921,32,NONE
1590244591924,34,NONE
1590244596928,39,NONE
1590244601933,33,NONE
1590244606933,31,NONE
1590244611939,35,NONE
1590244616949,34,NONE
1590244621958,34,NONE
1590244626971,31,NONE
1590244631977,38,NONE
1590244636981,37,NONE
1590244641981,34,NONE
1590244646983,33,NONE
1590244651983,39,NONE
1590244656988,39,NONE
1590244661988,35,NONE
1590244666991,31,NONE
1590244671991,36,NONE
1590244676995,32,NONE
1590244681996,37,NONE
1590244686996,37,NONE
1590244692013,31,NONE
1590244697016,38,NONE
1590244702034,39,NONE
1590244707049,35,NONE
1590244712054,36,NONE
1590244717056,32,NONE
1590244722056,39,NONE
1590244727059,33,NONE
1590244732062,33,NONE
1590244737064,34,NONE
1590244742064,38,NONE
1590244747066,36,NONE
1590244752069,33,NONE
1590244757071,39,NONE
1590244762071,39,NONE
1590244767074,34,NONE
1590244772076,35,NONE
1590244777077,37,NONE
1590244782081,38,NONE
1590244787082,39,NONE
1590244792085,32,NONE
1590244797086,38,NONE
1590244802088,34,NONE
1590244807090,39,NONE
1590244812093,30,NONE
1590244817108,35,NONE
1590244822110,30,NONE
1590244827114,33,NONE
1590244832129,30,NONE
1590244837133,39,NONE
1590244842135,34,NONE
1590244847137,33,NONE
1590244852137,34,NONE
1590244857140,37,NONE
1590244862143,37,NONE
1590244867158,33,NONE
1590244872177,31,NONE
1590244877178,35,NONE
1590244882180,30,NONE
1590244887192,30,NONE
1590244892201,39,FEVER_END_EVENT
1590244897201,31,NONE
1590244902206,37,NONE
1590244907221,39,FEVER_START_EVENT
1590244912222,30,NONE
1590244917240,34,NONE
1590244922243,37,NONE
1590244927245,33,NONE
1590244932246,36,NONE
1590244937248,34,NONE
1590244942264,38,NONE
1590244947269,39,NONE
1590244952270,35,NONE
1590244957270,35,NONE
1590244962274,30,NONE
1590244967274,38,NONE
1590244972277,33,NONE
1590244977278,36,NONE
1590244982283,32,NONE
1590244987283,39,NONE
1590244992284,38,NONE
1590244997287,31,NONE
1590245002288,32,NONE
1590245007291,35,NONE
1590245012292,33,NONE
1590245017295,36,NONE
1590245022296,37,NONE
1590245027299,33,NONE
1590245032301,32,NONE
1590245037302,38,NONE
1590245042318,35,NONE
1590245047321,35,NONE
1590245052322,38,NONE
1590245057326,30,NONE
1590245062328,30,NONE
1590245067343,34,NONE
1590245072347,32,NONE
1590245077349,35,NONE
1590245082349,36,NONE
1590245087353,36,NONE
1590245092368,36,NONE
1590245097371,39,NONE
1590245102373,30,NONE
1590245107376,30,NONE
1590245112392,37,NONE
1590245117395,37,NONE
1590245122397,35,NONE
1590245127398,30,NONE
1590245132415,32,NONE
1590245137417,39,NONE
1590245142420,39,NONE
1590245147421,37,NONE
1590245152425,37,NONE
1590245157426,30,NONE
1590245162427,36,NONE
1590245167440,31,NONE
1590245172440,32,NONE
1590245177449,30,NONE
1590245182450,39,NONE
1590245187454,35,NONE
1590245192469,31,NONE
1590245197473,35,NONE
1590245202488,35,NONE
1590245207493,35,NONE
1590245212508,31,NONE
1590245217508,35,NONE
1590245222514,33,NONE
1590245227528,38,NONE
1590245232532,32,NONE
1590245237532,33,NONE
1590245242537,38,NONE
1590245247537,35,NONE
1590245252541,32,NONE
1590245257541,35,NONE
1590245262542,35,NONE
1590245267546,34,NONE
1590245272547,34,NONE
1590245277548,34,NONE
1590245282550,35,NONE
1590245287553,37,NONE
1590245292553,31,NONE
1590245297554,37,FEVER_END_EVENT
1590245302559,38,FEVER_START_EVENT
1590245307559,36,NONE
1590245312563,38,NONE
1590245317565,38,NONE
1590245322567,37,NONE
1590245327568,34,NONE
1590245332572,35,NONE
1590245337573,35,NONE
1590245342573,30,NONE
1590245347591,38,NONE
1590245352593,34,NONE
1590245357595,31,NONE
1590245362596,35,NONE
1590245367600,31,NONE
1590245372615,35,NONE
1590245377619,34,NONE
1590245382621,32,NONE
1590245387622,36,NONE
1590245392640,32,NONE
1590245397641,35,NONE
1590245402643,39,FEVER_END_EVENT
1590245407643,36,NONE
1590245412663,39,FEVER_START_EVENT
1590245417664,31,NONE
1590245422669,32,NONE
1590245427670,34,NONE
1590245432670,37,NONE
1590245437688,39,NONE
1590245442690,33,NONE
1590245447691,30,NONE
1590245452693,36,NONE
1590245457695,32,NONE
1590245462695,38,NONE
1590245467699,34,NONE
1590245472701,31,NONE
1590245477702,34,NONE
1590245482705,32,NONE
1590245487716,30,NONE
1590245492725,34,NONE
1590245497741,36,NONE
1590245502807,35,NONE
1590245507807,35,NONE
1590245512811,32,NONE
1590245517812,30,FEVER_END_EVENT
1590245522813,30,NONE
1590245527831,30,NONE
1590245532832,39,FEVER_START_EVENT
1590245537851,32,NONE
1590245542852,33,NONE
1590245547855,38,NONE
1590245552856,35,NONE
1590245557859,36,NONE
1590245562859,36,NONE
1590245567862,31,NONE
1590245572863,35,NONE
1590245577866,33,NONE
1590245582869,32,NONE
1590245587870,38,NONE
1590245592872,38,NONE
1590245597873,32,NONE
1590245602875,36,NONE
1590245607878,35,NONE
1590245612878,33,NONE
1590245617897,34,NONE
1590245622898,38,NONE
1590245627901,35,NONE
1590245632902,33,NONE
1590245637904,34,NONE
1590245642906,39,NONE
1590245647909,39,NONE
1590245652924,33,NONE
1590245657925,38,NONE
1590245662931,32,NONE
1590245667947,34,NONE
1590245672948,31,NONE
1590245677949,32,NONE
1590245682952,39,NONE
1590245687954,37,NONE
1590245692957,37,NONE
1590245697958,35,NONE
1590245702959,30,NONE
1590245707978,37,NONE
1590245712979,32,NONE
1590245717981,30,NONE
1590245722985,37,NONE
1590245727985,33,NONE
1590245732987,31,NONE
1590245737989,32,FEVER_END_EVENT
1590245742993,33,NONE
1590245748008,39,FEVER_START_EVENT
1590245753010,36,NONE
1590245758013,37,NONE
1590245763015,35,NONE
1590245768015,35,NONE
1590245773019,34,NONE
1590245778019,37,NONE
1590245783019,37,NONE
1590245788037,33,NONE
1590245793041,33,NONE
1590245798042,30,NONE
1590245803043,32,FEVER_END_EVENT
1590245808047,38,FEVER_START_EVENT
1590245813063,30,NONE
1590245818066,38,NONE
1590245823069,31,NONE
1590245828069,36,NONE
1590245833073,37,NONE
1590245838073,39,NONE
1590245843077,31,NONE
1590245848092,39,NONE
1590245853095,39,NONE
1590245858096,31,NONE
1590245863100,33,NONE
1590245868102,39,NONE
1590245873102,30,NONE
1590245878120,35,NONE
1590245883134,33,NONE
1590245888141,37,NONE
1590245893156,33,NONE
1590245898160,36,NONE
1590245903161,31,NONE
1590245908165,33,NONE
1590245913165,36,NONE
1590245918166,30,NONE
1590245923185,31,FEVER_END_EVENT
1590245928185,35,NONE
1590245933188,38,FEVER_START_EVENT
1590245938189,36,NONE
1590245943191,30,NONE
1590245948194,32,NONE
1590245953197,39,NONE
1590245958203,38,NONE
1590245963204,37,NONE
1590245968209,36,NONE
1590245973223,34,NONE
1590245978236,36,NONE
1590245983237,37,NONE
1590245988241,32,NONE
1590245993241,30,NONE
1590245998246,39,NONE
1590246003246,38,NONE
1590246008247,33,NONE
1590246013264,32,NONE
1590246018265,30,NONE
1590246023270,32,NONE
1590246028271,31,NONE
1590246033275,30,NONE
1590246038290,36,NONE
1590246043293,30,NONE
1590246048295,31,NONE
1590246053314,32,NONE
1590246058329,32,FEVER_END_EVENT
1590246063330,37,NONE
1590246068332,32,NONE
1590246073336,32,NONE
1590246078336,33,NONE
1590246083338,33,NONE
1590246088342,36,NONE
1590246093342,34,NONE
1590246098343,30,NONE
1590246103362,36,NONE
1590246108364,31,NONE
1590246113367,38,FEVER_START_EVENT
1590246118383,35,NONE
1590246123386,37,NONE
1590246128387,38,NONE
1590246133389,32,NONE
1590246138390,35,NONE
1590246143392,37,NONE
1590246148397,38,NONE
1590246153402,36,NONE
1590246158416,33,NONE
1590246163421,32,NONE
1590246168434,31,NONE
1590246173435,37,NONE
1590246178436,37,NONE
1590246183498,33,NONE
1590246188519,37,NONE
1590246193532,34,NONE
1590246198532,36,NONE
1590246203540,39,FEVER_END_EVENT
1590246208552,39,FEVER_START_EVENT
1590246213559,33,NONE
1590246218560,36,NONE
1590246223596,31,NONE
1590246228629,39,NONE
1590246233632,31,NONE
1590246238634,39,NONE
1590246243635,35,NONE
1590246248636,36,NONE
1590246253636,33,NONE
1590246258655,34,NONE
1590246263658,31,NONE
1590246268660,36,NONE
1590246273662,39,NONE
1590246278663,30,NONE
1590246283664,37,NONE
1590246288664,33,NONE
1590246293669,36,NONE
1590246298680,38,NONE
1590246303688,34,NONE
1590246308690,36,NONE
1590246313692,34,NONE
1590246318694,31,NONE
1590246323694,35,NONE
1590246328713,30,NONE
1590246333714,34,NONE
1590246338717,30,NONE
1590246343718,36,NONE
1590246348722,36,NONE
1590246353722,34,FEVER_END_EVENT
1590246358725,39,FEVER_START_EVENT
1590246363726,32,NONE
1590246368726,31,NONE
1590246373730,34,NONE
1590246378731,30,NONE
1590246383749,35,NONE
1590246388756,35,NONE
1590246393757,32,NONE
1590246398761,33,NONE
1590246403763,32,NONE
1590246408774,33,NONE
1590246413800,36,FEVER_END_EVENT
1590246418805,31,NONE
1590246423809,37,NONE
1590246428814,35,NONE
1590246433829,32,NONE
1590246438830,38,FEVER_START_EVENT
1590246443845,37,NONE
1590246448852,35,NONE
1590246453853,37,NONE
1590246458853,36,NONE
1590246463857,38,NONE
1590246468876,39,NONE
1590246473876,30,NONE
1590246478896,36,NONE
1590246483901,37,NONE
1590246488919,37,NONE
1590246493919,34,NONE
1590246498932,36,NONE
1590246503937,38,NONE
1590246508937,34,NONE
1590246513956,38,NONE
1590246518957,35,NONE
1590246523957,32,NONE
1590246528961,38,NONE
1590246533976,31,NONE
1590246538980,34,NONE
1590246543980,31,NONE
1590246548984,35,NONE
1590246553986,38,NONE
1590246558990,35,NONE
1590246564006,31,NONE
1590246569006,30,NONE
1590246574024,33,NONE
1590246579025,31,NONE
1590246584029,39,NONE
1590246589030,35,NONE
1590246594032,33,NONE
1590246599034,32,NONE
1590246604037,30,NONE
1590246609039,36,NONE
1590246614040,30,NONE
1590246619045,30,NONE
1590246624050,31,NONE
1590246629067,37,NONE
1590246634078,35,NONE
1590246639081,38,FEVER_END_EVENT
1590246644096,35,NONE
1590246649101,39,FEVER_START_EVENT
1590246654103,37,NONE
1590246659103,36,NONE
1590246664109,30,NONE
1590246669122,38,NONE
1590246674124,30,NONE
1590246679128,32,NONE
1590246684128,36,NONE
1590246689130,38,NONE
1590246694134,38,NONE
1590246699149,38,NONE
1590246704149,33,NONE
1590246709155,35,NONE
1590246714156,35,NONE
1590246719158,31,NONE
1590246724160,39,NONE
1590246729163,32,NONE
1590246734163,37,NONE
1590246739164,36,NONE
1590246744167,30,NONE
1590246749168,32,NONE
1590246754171,38,NONE
1590246759173,36,NONE
1590246764176,37,NONE
1590246769177,34,NONE
1590246774178,31,NONE
1590246779180,33,NONE
1590246784181,32,NONE
1590246789199,35,NONE
1590246794201,36,NONE
1590246799204,37,NONE
1590246804220,30,NONE
1590246809223,36,FEVER_END_EVENT
1590246814224,33,NONE
1590246819228,33,NONE
1590246824229,36,NONE
1590246829229,34,NONE
1590246834249,38,FEVER_START_EVENT
1590246839265,39,NONE
1590246844270,37,NONE
1590246849285,39,NONE
1590246854287,32,NONE
1590246859288,32,NONE
1590246864291,38,NONE
1590246869291,37,NONE
1590246874292,36,NONE
1590246879309,39,NONE
1590246884342,30,NONE
1590246889378,39,NONE
1590246894380,38,NONE
1590246899383,34,NONE
1590246904398,30,NONE
1590246909402,37,NONE
1590246914405,36,NONE
1590246919406,38,NONE
1590246924407,35,NONE
1590246929407,31,NONE
1590246934412,37,NONE
1590246939413,38,NONE
1590246944414,36,NONE
1590246949416,36,NONE
1590246954421,36,NONE
1590246959435,38,NONE
1590246964440,33,NONE
1590246969453,34,NONE
1590246974454,37,NONE
1590246979460,33,NONE
1590246984475,36,NONE
1590246989475,35,NONE
1590246994480,39,NONE
1590246999484,38,NONE
1590247004500,34,NONE
1590247009504,32,NONE
1590247014520,37,NONE
1590247019520,39,NONE
1590247024541,33,NONE
1590247029556,36,NONE
1590247034574,35,NONE
1590247039577,31,NONE
1590247044577,31,NONE
1590247049580,36,NONE
1590247054582,38,NONE
1590247059585,38,NONE
1590247064586,35,NONE
1590247069587,34,NONE
1590247074595,37,NONE
1590247079607,34,NONE
1590247084609,36,NONE
1590247089613,39,NONE
1590247094628,37,NONE
1590247099632,39,NONE
1590247104646,31,NONE
1590247109650,33,NONE
1590247114653,34,NONE
1590247119654,30,NONE
1590247124671,32,NONE
1590247129672,30,NONE
1590247134676,38,NONE
1590247139691,33,NONE
1590247144694,32,NONE
1590247149695,38,NONE
1590247154698,39,NONE
1590247159700,36,NONE
1590247164716,39,NONE
1590247169720,32,NONE
1590247174736,33,NONE
1590247179739,30,NONE
1590247184740,30,NONE
1590247189742,32,NONE
1590247194746,38,NONE
1590247199747,32,NONE
1590247204748,35,NONE
1590247209748,37,NONE
1590247214753,31,NONE
1590247219754,34,NONE
1590247224755,33,NONE
1590247229757,37,NONE
1590247234759,36,NONE
1590247239762,33,NONE
1590247244762,31,NONE
1590247249780,30,FEVER_END_EVENT
1590247254814,36,NONE
1590247259831,32,NONE
1590247264833,32,NONE
1590247269836,30,NONE
1590247274851,36,NONE
1590247279857,35,NONE
1590247284857,34,NONE
1590247289860,35,NONE
1590247294861,36,NONE
1590247299862,35,NONE
1590247304880,32,NONE
1590247309882,38,FEVER_START_EVENT
1590247314883,30,NONE
1590247319885,35,NONE
1590247324889,36,NONE
1590247329890,39,NONE
1590247334892,34,NONE
1590247339892,37,NONE
1590247344895,36,NONE
1590247349897,30,NONE
1590247354897,36,NONE
1590247359902,38,NONE
1590247364904,31,NONE
1590247369906,36,NONE
1590247374921,39,NONE
1590247379921,30,NONE
1590247384925,35,NONE
1590247389927,33,NONE
1590247394930,31,NONE
1590247399931,33,NONE
1590247404934,35,NONE
1590247409936,39,NONE
1590247414938,30,NONE
1590247419939,33,NONE
1590247424939,33,NONE
1590247429957,37,NONE
1590247434960,34,NONE
1590247439963,31,NONE
1590247444964,35,NONE
1590247449983,33,NONE
1590247454997,32,NONE
1590247460001,37,NONE
1590247465003,37,FEVER_END_EVENT
1590247470004,38,FEVER_START_EVENT
1590247475020,34,NONE
1590247480023,37,NONE
1590247485025,36,NONE
1590247490029,36,NONE
1590247495031,32,NONE
1590247500046,30,NONE
1590247505050,33,NONE
1590247510051,39,NONE
1590247515051,32,NONE
1590247520057,35,NONE
1590247525075,33,NONE
1590247530077,35,NONE
1590247535092,37,NONE
1590247540095,30,NONE
1590247545111,39,NONE
1590247550113,33,NONE
1590247555114,38,NONE
1590247560114,35,NONE
1590247565120,33,NONE
1590247570120,37,NONE
1590247575123,38,NONE
1590247580123,35,NONE
1590247585127,38,NONE
1590247590127,30,NONE
1590247595131,38,NONE
1590247600134,35,NONE
1590247605149,34,NONE
1590247610167,31,NONE
1590247615167,33,NONE
1590247620171,32,NONE
1590247625171,33,NONE
1590247630175,34,NONE
1590247635177,33,NONE
1590247640180,33,NONE
1590247645182,38,NONE
1590247650182,39,NONE
1590247655184,36,NONE
1590247660185,37,NONE
1590247665189,33,NONE
1590247670204,37,NONE
1590247675207,30,NONE
1590247680210,32,NONE
1590247685210,31,NONE
1590247690214,37,NONE
1590247695214,33,NONE
1590247700216,38,NONE
1590247705217,33,NONE
1590247710222,36,NONE
1590247715228,38,NONE
1590247720241,38,NONE
1590247725242,33,NONE
1590247730243,31,NONE
1590247735262,34,NONE
1590247740277,33,NONE
1590247745278,30,NONE
1590247750285,37,NONE
1590247755300,34,NONE
1590247760300,39,NONE
1590247765308,35,NONE
1590247770323,39,NONE
1590247775338,38,NONE
1590247780351,30,NONE
1590247785351,33,NONE
1590247790360,38,NONE
1590247795360,31,NONE
1590247800365,31,NONE
1590247805491,35,NONE
1590247810510,39,NONE
1590247815511,39,NONE
1590247820525,35,NONE
1590247825526,31,NONE
1590247830535,39,NONE
1590247835544,31,NONE
1590247840555,34,NONE
1590247845558,36,NONE
1590247850564,33,NONE
1590247855573,34,NONE
1590247860589,35,NONE
1590247865593,33,NONE
1590247870593,39,NONE
1590247875612,39,NONE
1590247880613,30,NONE
1590247885615,37,NONE
1590247890627,32,NONE
1590247895628,34,NONE
1590247900634,39,NONE
1590247905644,33,NONE
1590247910652,30,NONE
1590247915657,32,NONE
1590247920667,33,NONE
1590247925673,32,NONE
1590247930681,39,NONE
1590247935681,31,NONE
1590247940700,33,NONE
1590247945701,30,NONE
1590247950707,31,NONE
1590247955713,32,NONE
1590247960719,39,NONE
1590247965725,37,NONE
1590247970732,31,NONE
1590247975739,31,NONE
1590247980745,34,NONE
1590247985752,34,NONE
1590247990780,33,NONE
1590247995781,36,NONE
1590248000786,30,NONE
1590248005792,39,NONE
1590248010798,30,NONE
1590248015804,39,NONE
1590248020810,36,NONE
1590248025817,39,NONE
1590248030823,38,NONE
1590248035836,34,NONE
1590248040842,30,NONE
1590248045847,35,NONE
1590248050853,32,NONE
1590248055859,32,NONE
1590248060865,31,NONE
1590248065871,31,NONE
1590248070877,31,NONE
1590248075883,31,NONE
1590248080888,34,NONE
1590248085894,37,FEVER_END_EVENT
1590248090900,39,FEVER_START_EVENT
1590248095906,37,NONE
1590248100913,32,NONE
1590248105919,39,NONE
1590248110925,33,NONE
1590248115931,33,NONE
1590248120938,37,NONE
1590248125944,30,NONE
1590248130959,34,NONE
1590248135959,37,NONE
1590248140980,37,NONE
1590248145987,36,NONE
1590248150996,39,NONE
1590248156004,37,NONE
1590248161004,34,NONE
1590248166019,30,NONE
1590248171020,35,NONE
1590248176047,39,NONE
1590248181047,38,NONE
1590248186057,30,NONE
1590248191059,34,NONE
1590248196068,35,NONE
1590248201068,30,NONE
1590248206078,39,NONE
1590248211086,38,NONE
1590248216094,39,NONE
1590248221099,32,NONE
1590248226120,35,NONE
1590248231120,34,NONE
1590248236124,32,NONE
1590248241129,31,NONE
1590248246136,35,NONE
1590248251150,35,NONE
1590248256167,38,NONE
1590248261180,36,NONE
1590248266183,33,NONE
1590248271183,30,NONE
1590248276183,36,NONE
1590248281196,37,NONE
1590248286203,36,NONE
1590248291214,34,NONE
1590248296223,38,NONE
1590248301224,33,NONE
1590248306235,35,NONE
1590248311248,38,NONE
1590248316248,31,NONE
1590248321257,36,NONE
1590248326268,30,NONE
1590248331279,39,NONE
1590248336285,35,NONE
1590248341292,33,NONE
1590248346306,36,NONE
1590248351315,36,NONE
1590248356326,35,NONE
1590248361332,39,NONE
1590248366340,30,NONE
1590248371346,31,NONE
1590248376352,39,NONE
1590248381358,33,NONE
1590248386365,38,NONE
1590248391371,30,NONE
1590248396378,30,NONE
1590248401384,30,NONE
1590248406390,33,NONE
1590248411397,34,NONE
1590248416404,37,NONE
1590248421409,33,NONE
1590248426416,35,NONE
1590248431422,31,NONE
1590248436430,38,NONE
1590248441436,34,NONE
1590248446442,38,NONE
1590248451450,39,NONE
1590248456455,39,NONE
1590248461462,31,NONE
1590248466481,37,NONE
1590248471488,39,NONE
1590248476495,33,NONE
1590248481501,35,NONE
1590248486507,36,NONE
1590248491513,35,NONE
1590248496520,33,NONE
1590248501534,39,NONE
1590248506544,31,NONE
1590248511553,32,NONE
1590248516569,30,NONE
1590248521576,31,NONE
1590248526595,30,NONE
1590248531595,36,NONE
1590248536601,38,NONE
1590248541606,36,NONE
1590248546613,31,NONE
1590248551621,35,NONE
1590248556630,33,NONE
1590248561637,32,NONE
1590248566643,31,NONE
1590248571649,31,NONE
1590248576684,33,NONE
1590248581761,37,NONE
1590248586779,38,NONE
1590248591785,34,NONE
1590248596792,38,NONE
1590248601801,32,NONE
1590248606809,39,NONE
1590248611815,34,NONE
1590248616823,38,NONE
1590248621829,39,NONE
1590248626836,37,NONE
1590248631845,34,NONE
1590248636851,32,NONE
1590248641859,34,NONE
1590248646866,38,NONE
1590248651871,37,NONE
1590248656877,35,NONE
1590248661877,37,NONE
1590248666898,36,NONE
1590248671898,30,NONE
1590248676910,33,NONE
1590248681916,32,NONE
1590248686935,38,NONE
1590248691943,34,NONE
1590248696943,37,NONE
1590248701956,38,NONE
1590248706968,31,NONE
1590248711975,31,NONE
1590248716975,38,NONE
1590248721995,33,NONE
1590248727003,33,NONE
1590248732010,37,NONE
1590248737017,31,NONE
1590248742031,33,NONE
1590248747039,35,NONE
1590248752045,37,NONE
1590248757054,35,NONE
1590248762059,33,NONE
1590248767064,36,NONE
1590248772071,34,FEVER_END_EVENT
1590248777077,38,FEVER_START_EVENT
1590248782083,35,NONE
1590248787100,38,NONE
1590248792101,32,NONE
1590248797110,30,NONE
1590248802121,30,NONE
1590248807123,35,NONE
1590248812123,37,NONE
1590248817141,36,NONE
1590248822144,30,NONE
1590248827144,33,NONE
1590248832151,30,NONE
1590248837168,33,NONE
1590248842168,36,FEVER_END_EVENT
1590248847179,33,NONE
1590248852186,36,NONE
1590248857187,37,NONE
1590248862196,32,NONE
1590248867206,37,NONE
1590248872213,30,NONE
1590248877219,38,FEVER_START_EVENT
1590248882229,37,NONE
1590248887236,34,NONE
1590248892245,36,NONE
1590248897252,37,NONE
1590248902264,36,NONE
1590248907271,39,NONE
1590248912279,33,NONE
1590248917286,32,NONE
1590248922304,32,NONE
1590248927319,35,NONE
1590248932327,38,NONE
1590248937354,36,NONE
1590248942367,36,NONE
1590248947374,34,NONE
1590248952383,38,NONE
1590248957389,39,NONE
1590248962396,36,NONE
1590248967402,37,NONE
1590248972409,38,NONE
1590248977421,38,NONE
1590248982428,32,NONE
1590248987436,34,NONE
1590248992443,30,NONE
1590248997450,36,NONE
1590249002457,33,NONE
1590249007464,33,NONE
1590249012471,37,NONE
1590249017477,37,NONE
1590249022484,39,NONE
1590249027491,32,NONE
1590249032498,34,NONE
1590249037505,33,NONE
1590249042511,38,NONE
1590249047518,30,NONE
1590249052530,36,NONE
1590249057537,34,NONE
1590249062544,30,NONE
1590249067552,31,NONE
1590249072558,35,NONE
1590249077565,30,NONE
1590249082572,30,NONE
1590249087579,37,NONE
1590249092584,37,NONE
1590249097592,34,FEVER_END_EVENT
1590249102599,33,NONE
1590249107607,37,NONE
1590249112614,39,FEVER_START_EVENT
1590249117622,30,NONE
1590249122629,39,NONE
1590249127641,36,NONE
1590249132648,32,NONE
1590249137661,31,NONE
1590249142667,33,NONE
1590249147674,38,NONE
1590249152681,37,NONE
1590249157689,37,NONE
1590249162702,30,NONE
1590249167713,34,NONE
1590249172723,36,NONE
1590249177738,37,NONE
1590249182759,36,NONE
1590249187781,35,NONE
1590249192791,39,NONE
1590249197802,38,NONE
1590249202812,31,NONE
1590249207821,31,NONE
1590249212832,31,NONE
1590249217843,30,NONE
1590249222854,34,NONE
1590249227865,33,NONE
1590249232875,30,NONE
1590249237888,36,NONE
1590249242900,31,NONE
1590249247911,33,NONE
1590249252924,37,FEVER_END_EVENT
1590249257934,32,NONE
1590249262946,37,NONE
1590249267957,38,FEVER_START_EVENT
1590249272968,30,NONE
1590249277979,31,NONE
1590249282992,32,NONE
1590249288002,38,NONE
1590249293012,31,NONE
1590249298025,35,NONE
1590249303035,37,NONE
1590249308050,37,NONE
1590249313060,39,NONE
1590249318071,37,NONE
1590249323081,33,NONE
1590249328095,35,NONE
1590249333105,37,NONE
1590249338116,36,NONE
1590249343129,34,NONE
1590249348140,34,NONE
1590249353149,30,NONE
1590249358157,33,NONE
1590249363164,33,NONE
1590249368172,34,FEVER_END_EVENT
1590249373194,39,FEVER_START_EVENT
1590249378199,39,NONE
1590249383205,36,NONE
1590249388218,33,NONE
1590249393223,30,NONE
1590249398224,38,NONE
1590249403238,38,NONE
1590249408242,37,NONE
1590249413245,32,NONE
1590249418249,37,NONE
1590249423250,31,NONE
1590249428257,35,NONE
1590249433267,34,NONE
1590249438269,30,NONE
1590249443272,30,NONE
1590249448277,39,NONE
1590249453277,34,NONE
1590249458292,34,NONE
1590249463300,31,NONE
1590249468300,35,NONE
1590249473309,38,NONE
1590249478321,31,NONE
1590249483331,36,NONE
1590249488366,32,NONE
1590249493381,32,NONE
1590249498388,33,NONE
1590249503395,35,NONE
1590249508403,35,NONE
1590249513410,33,NONE
1590249518416,36,NONE
1590249523423,31,NONE
1590249528431,34,FEVER_END_EVENT
1590249533443,38,FEVER_START_EVENT
1590249538454,36,NONE
1590249543467,39,NONE
1590249548477,30,NONE
1590249553491,37,NONE
1590249558502,39,NONE
1590249563514,39,NONE
1590249568530,38,NONE
1590249573542,34,NONE
1590249578553,37,NONE
1590249583565,33,NONE
1590249588572,36,NONE
1590249593581,33,NONE
1590249598589,36,NONE
1590249603596,36,NONE
1590249608602,31,NONE
1590249613610,39,NONE
1590249618617,30,NONE
1590249623624,35,NONE
1590249628632,31,NONE
1590249633639,34,NONE
1590249638646,31,NONE
1590249643653,37,NONE
1590249648660,30,NONE
1590249653668,35,NONE
1590249658675,34,NONE
1590249663681,32,NONE
1590249668689,38,FEVER_END_EVENT
1590249673705,36,NONE
1590249678711,32,NONE
1590249683719,36,NONE
1590249688742,38,FEVER_START_EVENT
1590249693743,34,NONE
1590249698746,38,NONE
1590249703747,34,NONE
1590249708759,30,NONE
1590249713765,34,NONE
1590249718773,36,NONE
1590249723774,33,NONE
1590249728791,37,NONE
1590249733803,34,NONE
1590249738803,35,NONE
1590249743825,30,NONE
1590249748826,36,NONE
1590249753829,39,FEVER_END_EVENT
1590249758844,33,NONE
1590249763844,34,NONE
1590249768864,39,FEVER_START_EVENT
1590249773869,37,NONE
1590249778885,39,NONE
1590249783900,35,NONE
1590249788904,37,NONE
1590249793904,35,NONE
1590249798923,32,NONE
1590249803924,35,NONE
1590249808925,37,NONE
1590249813945,35,NONE
1590249818946,35,NONE
1590249823955,33,NONE
1590249828963,33,NONE
1590249833973,31,FEVER_END_EVENT
1590249838980,38,FEVER_START_EVENT
1590249844004,33,NONE
1590249849004,39,NONE
1590249854022,34,NONE
1590249859032,34,NONE
1590249864086,32,NONE
1590249869133,32,NONE
1590249874141,33,NONE
1590249879155,35,NONE
1590249884156,35,NONE
1590249889164,30,NONE
1590249894175,35,NONE
1590249899195,31,NONE
1590249904213,32,FEVER_END_EVENT
1590249909216,31,NONE
1590249914217,32,NONE
1590249919235,32,NONE
1590249924240,36,NONE
1590249929241,32,NONE
1590249934252,30,NONE
1590249939255,39,FEVER_START_EVENT
1590249944258,36,NONE
1590249949264,30,NONE
1590249954280,32,NONE
1590249959287,34,NONE
1590249964298,37,NONE
1590249969314,31,NONE
1590249974318,34,NONE
1590249979326,30,NONE
1590249984333,38,NONE
1590249989340,34,NONE
1590249994348,37,NONE
1590249999356,35,NONE
1590250004362,33,NONE
1590250009370,39,NONE
1590250014377,36,NONE
1590250019385,32,NONE
1590250024393,33,NONE
1590250029399,36,NONE
1590250034406,38,NONE
1590250039413,30,NONE
1590250044422,34,NONE
1590250049430,37,NONE
1590250054437,36,NONE
1590250059445,39,NONE
1590250064453,35,NONE
1590250069462,37,NONE
1590250074471,39,NONE
1590250079481,36,NONE
1590250084482,36,NONE
1590250089490,37,NONE
1590250094510,39,NONE
1590250099522,37,NONE
1590250104536,35,NONE
1590250109543,32,NONE
1590250114549,31,NONE
1590250119561,35,NONE
1590250124577,35,NONE
1590250129577,34,NONE
1590250134587,36,NONE
1590250139591,37,NONE
1590250144602,34,NONE
1590250149617,38,FEVER_END_EVENT
1590250154622,35,NONE
1590250159626,38,FEVER_START_EVENT
1590250164627,36,NONE
1590250169635,33,NONE
1590250174643,30,NONE
1590250179650,36,NONE
1590250184657,38,NONE
1590250189664,30,NONE
1590250194672,31,NONE
1590250199679,34,NONE
1590250204686,37,NONE
1590250209693,39,NONE
1590250214701,34,NONE
1590250219710,32,NONE
1590250224718,30,NONE
1590250229725,38,NONE
1590250234733,35,NONE
1590250239741,37,NONE
1590250244750,30,NONE
1590250249762,39,NONE
1590250254770,32,NONE
1590250259780,33,NONE
1590250264788,34,NONE
1590250269796,37,NONE
1590250274805,35,NONE
1590250279813,33,NONE
1590250284823,32,NONE
1590250289831,37,NONE
1590250294840,36,NONE
1590250299851,32,NONE
1590250304864,35,FEVER_END_EVENT
1590250309871,35,NONE
1590250314879,35,NONE
1590250319887,32,NONE
1590250324894,36,NONE
1590250329902,36,NONE
1590250334910,31,NONE
1590250339918,34,NONE
1590250344929,37,NONE
1590250349944,37,NONE
1590250354951,32,NONE
1590250359960,37,NONE
1590250364968,35,NONE
1590250369976,30,NONE
1590250374984,35,NONE
1590250379991,38,FEVER_START_EVENT
1590250384998,35,NONE
1590250390007,35,NONE
1590250395015,30,NONE
1590250400024,36,NONE
1590250405032,36,NONE
1590250410040,33,NONE
1590250415048,36,NONE
1590250420057,34,NONE
1590250425064,39,NONE
1590250430072,36,NONE
1590250435087,36,NONE
1590250440088,31,NONE
1590250445095,37,NONE
1590250450103,37,NONE
1590250455104,34,NONE
1590250460112,39,NONE
1590250465124,35,NONE
1590250470132,37,NONE
1590250475141,33,NONE
1590250480150,37,NONE
1590250485159,39,NONE
1590250490167,39,NONE
1590250495175,34,NONE
1590250500184,30,NONE
1590250505193,32,NONE
1590250510200,39,NONE
1590250515208,34,NONE
1590250520216,30,NONE
1590250525225,30,NONE
1590250530264,35,NONE
1590250535297,30,NONE
1590250540307,30,NONE
1590250545316,30,NONE
1590250550326,35,NONE
1590250555334,39,NONE
1590250560348,32,NONE
1590250565355,37,NONE
1590250570364,38,NONE
1590250575372,37,NONE
1590250580386,34,NONE
1590250585387,33,NONE
1590250590395,36,NONE
1590250595404,39,NONE
1590250600411,38,NONE
1590250605419,31,NONE
1590250610427,35,NONE
1590250615435,34,NONE
1590250620444,32,NONE
1590250625451,31,NONE
1590250630459,38,NONE
1590250635468,32,NONE
1590250640476,34,NONE
1590250645484,36,NONE
1590250650492,32,NONE
1590250655499,38,NONE
1590250660507,35,NONE
1590250665515,30,NONE
1590250670522,30,NONE
1590250675532,31,NONE
1590250680539,38,NONE
1590250685553,35,NONE
1590250690561,31,NONE
1590250695569,35,NONE
1590250700577,37,NONE
1590250705585,35,NONE
1590250710593,30,NONE
1590250715601,32,NONE
1590250720609,32,NONE
1590250725616,39,NONE
1590250730624,39,NONE
1590250735633,31,NONE
1590250740641,33,NONE
1590250745649,36,NONE
1590250750656,32,NONE
1590250755664,37,NONE
1590250760673,32,NONE
1590250789756,31,NONE
1590250794763,36,NONE
1590250799771,33,NONE
1590250804779,34,NONE
1590250809788,33,NONE
1590250814796,38,FEVER_START_EVENT
1590250845947,32,NONE
1590250850954,39,FEVER_START_EVENT
1590250885290,39,FEVER_START_EVENT
1590250891267,36,NONE
1590250896275,36,NONE
1590250901285,33,NONE
1590250906296,35,NONE
1590250911305,38,NONE
1590250920348,32,NONE
1590250925355,30,NONE
1590250930363,35,NONE
1590250935372,33,NONE
1590250940382,36,NONE
1590250945392,36,NONE
1590250950401,39,FEVER_START_EVENT
1590250956356,33,NONE
1590250961379,32,NONE
1590250966383,35,NONE
1590250971389,36,NONE
1590250976389,35,NONE
1590250981397,37,NONE
1590250986401,30,NONE
1590250991410,36,NONE
1590250996413,34,NONE
1590251001428,36,NONE
1590251006439,37,FEVER_END_EVENT
1590251011964,38,FEVER_START_EVENT
1590251017483,37,NONE
1590251022487,36,NONE
1590251027500,38,NONE
1590251032510,34,NONE
1590251037524,35,NONE
1590251042536,33,NONE
1590251047536,32,NONE
1590251052549,30,NONE
1590251057555,35,NONE
1590251062566,37,NONE
1590251067572,38,NONE
1590251072578,37,NONE
1590251077640,30,NONE
1590251082657,36,NONE
1590251087665,30,NONE
1590251092674,30,NONE
1590251097684,37,NONE
1590251102692,37,NONE
1590251107700,37,NONE
1590251112709,31,NONE
1590251117717,37,NONE
1590251122725,30,FEVER_END_EVENT
1590251129420,32,NONE
1590251134428,30,NONE
1590251139436,33,NONE
1590251144445,37,NONE
1590251149453,33,NONE
1590251154462,35,NONE
1590251159470,38,FEVER_START_EVENT
1590251165019,31,NONE
1590251170020,39,NONE
1590251175030,35,NONE
1590251180031,34,NONE
1590251185051,36,NONE
1590251190055,38,NONE
1590258238455,35,NONE
1590258243475,38,NONE
1590258248478,30,NONE
1590262011092,30,NONE
1590262016093,30,NONE
1590262021170,35,NONE
1590262026181,36,NONE
1590262031193,33,NONE
1590262036205,36,NONE
1590262041229,30,NONE
1590262046229,32,NONE
1590262051235,37,NONE
1590262056250,38,FEVER_END_EVENT
1590262061821,38,FEVER_START_EVENT
1590262067394,37,NONE
1590262072396,35,NONE
1590262077410,31,NONE
1590262082420,39,NONE
1590262087432,31,NONE
1590262092443,36,NONE
1590262097459,33,NONE
1590262102460,35,NONE
1590262107467,38,NONE
1590262112475,30,NONE
1590262117489,36,NONE
1590262122504,36,NONE
1590262127519,34,NONE
1590262132527,38,NONE
1590262137534,36,NONE
1590262142543,38,NONE
1590262147551,35,NONE
1590262152560,34,NONE
1590262157568,32,NONE
1590262162576,30,NONE
1590262167584,30,NONE
1590262172594,31,NONE
1590262177602,31,NONE
1590262182610,35,NONE
1590262187619,35,NONE
1590262192628,39,NONE
1590262197636,38,NONE
1590262202644,33,NONE
1590262207653,31,NONE
1590262212661,34,NONE
1590262217671,33,NONE
1590262222679,34,NONE
1590262227688,36,NONE
1590262232696,30,NONE
1590262237705,33,NONE
1590262242712,37,NONE
1590262247734,35,NONE
1590262252734,39,FEVER_END_EVENT
1590262258318,37,NONE
1590262263334,36,NONE
1590262268342,37,NONE
1590262273350,39,FEVER_START_EVENT
1590262278890,31,NONE
1590262283899,39,NONE
1590262288907,31,NONE
1590262293916,32,NONE
1590262298927,36,NONE
1590262303928,36,NONE
1590262308937,33,NONE
1590262313945,33,NONE
1590262318954,32,NONE
1590262323962,38,NONE
1590262328971,31,NONE
1590262333979,30,NONE
1590262338987,38,NONE
1590262343995,32,NONE
1590262349003,36,NONE
1590262354011,38,NONE
1590262359018,39,NONE
1590262364026,39,NONE
1590262369034,32,NONE
1590262374043,37,NONE
1590262379051,30,NONE
1590262384060,33,NONE
1590262389068,32,NONE
1590262394076,36,NONE
1590262399084,34,NONE
1590262404092,37,NONE
1590262409101,31,NONE
1590262414109,30,NONE
1590262419118,36,FEVER_END_EVENT
1590262424647,31,NONE
1590262429667,39,FEVER_START_EVENT
1590262435201,36,NONE
1590262440205,38,NONE
1590262445205,37,NONE
1590262450209,38,NONE
1590262455210,39,NONE
1590262460213,36,NONE
1590262465222,37,NONE
1590262470222,35,NONE
1590262475234,34,NONE
1590262480235,30,NONE
1590262485238,36,NONE
1590262490239,31,NONE
1590262495241,33,NONE
1590262500243,31,NONE
1590262505246,31,NONE
1590262510246,35,FEVER_END_EVENT
1590262515791,39,FEVER_START_EVENT
1590262521332,33,NONE
1590262526341,39,NONE
1590262531350,32,NONE
1590262536359,37,NONE
1590262541369,34,NONE
1590262546379,37,NONE
1590262551390,31,NONE
1590262556391,35,NONE
1590262561400,31,NONE
1590262566408,39,NONE
1590262571417,39,NONE
1590262576426,33,NONE
1590262581436,39,NONE
1590262586446,32,NONE
1590262591456,30,NONE
1590262596465,36,NONE
1590262601489,31,NONE
1590262606490,37,NONE
1590262611499,31,NONE
1590262616508,33,NONE
1590262621518,36,NONE
1590262626527,38,NONE
1590262631537,31,NONE
1590262636547,37,NONE
1590262641556,37,NONE
1590262646566,37,NONE
1590262651575,33,NONE
1590262656584,38,NONE
1590262661593,39,NONE
1590262666602,37,NONE
1590262671611,38,NONE
1590262676620,37,NONE
1590262681637,38,NONE
1590262686653,31,NONE
1590262691662,30,NONE
1590262696681,36,NONE
1590262701681,30,NONE
1590262706691,31,NONE
1590262711700,33,NONE
1590262716710,35,NONE
1590262721719,30,NONE
1590262726728,37,NONE
1590262731738,36,NONE
1590262736747,38,FEVER_END_EVENT
1590262742342,37,NONE
1590262747343,30,NONE
1590262752353,34,NONE
1590262757362,37,NONE
1590262762371,39,FEVER_START_EVENT
1590262767895,38,NONE
1590262772904,31,NONE
1590262777914,30,NONE
1590262782923,39,NONE
1590262787933,30,NONE
1590262792943,30,NONE
1590262797951,33,NONE
1590262802961,35,NONE
1590262807970,32,NONE
1590262812979,37,NONE
1590262817988,37,NONE
1590262822998,39,NONE
1590262828008,32,NONE
1590262833016,34,NONE
1590262838026,32,NONE
1590262843035,38,NONE
1590262848045,33,NONE
1590262853055,36,NONE
1590262858065,30,NONE
1590262863075,35,NONE
1590262868092,36,NONE
1590262873093,37,NONE
1590262878098,30,NONE
1590262883103,31,NONE
1590262888127,35,NONE
1590262893130,38,NONE
1590262898134,35,NONE
1590262903136,37,NONE
1590262908136,31,NONE
1590262913145,32,NONE
1590262918154,38,NONE
1590262923163,39,NONE
1590262928172,38,NONE
1590262933179,36,NONE
1590262938184,30,NONE
1590262943193,32,NONE
1590262948204,30,NONE
1590262953213,30,NONE
1590262958223,37,NONE
1590262963232,35,NONE
1590262968242,36,NONE
1590262973251,39,NONE
1590262978274,33,NONE
1590262983290,35,NONE
1590262988310,30,NONE
1590262993313,31,NONE
1590262998331,35,NONE
1590263003339,34,NONE
1590263008349,38,NONE
1590263013358,37,NONE
1590263018362,35,NONE
1590263023369,37,NONE
1590263028372,34,NONE
1590263033377,37,NONE
1590263038381,31,NONE
1590263043390,33,NONE
1590263048391,38,NONE
1590263053395,34,NONE
1590263058400,32,NONE
1590263063406,39,NONE
1590263068412,39,NONE
1590263073418,31,NONE
1590263078423,33,NONE
1590263083427,32,NONE
1590263088452,39,NONE
1590263093457,32,NONE
1590263098462,30,NONE
1590263103466,37,NONE
1590263108471,33,NONE
1590263113477,35,NONE
1590263118481,39,NONE
1590263123486,36,NONE
1590263128486,36,NONE
1590263133496,30,NONE
1590263138501,31,NONE
1590263143505,35,NONE
1590263148509,33,NONE
1590263153513,34,NONE
1590263158520,37,NONE
1590263163523,30,NONE
1590263168538,34,NONE
1590263173539,36,FEVER_END_EVENT
1590263180232,34,NONE
1590263185235,37,NONE
1590263190237,33,NONE
1590263195253,34,NONE
1590263200271,33,NONE
1590263205272,35,NONE
1590263210274,32,NONE
1590263215275,39,FEVER_START_EVENT
1590263220813,33,NONE
1590263225816,36,NONE
1590263230817,33,NONE
1590263235826,36,NONE
1590263240830,39,NONE
1590263245851,30,NONE
1590263250856,33,NONE
1590263255878,31,NONE
1590263260882,30,NONE
1590263265882,37,NONE
1590263270906,35,NONE
1590263275912,30,NONE
1590263280925,37,NONE
1590263285926,37,NONE
1590263290933,35,NONE
1590263295936,39,FEVER_END_EVENT
1590263301474,31,NONE
1590263306482,32,NONE
1590263311491,33,NONE
1590263316499,35,NONE
1590263321509,36,NONE
1590263326518,33,NONE
1590263331528,37,NONE
1590263336538,35,NONE
1590263341548,39,FEVER_START_EVENT
1590263347098,38,NONE
1590263352107,32,NONE
1590263357117,34,NONE
1590263362117,31,NONE
1590263367136,38,NONE
1590263372139,31,NONE
1590263377140,34,NONE
1590263382147,37,NONE
1590263387159,33,NONE
1590263392162,32,NONE
1590263397162,35,NONE
1590263402166,38,NONE
1590263407171,35,NONE
1590263412186,32,NONE
1590263417195,38,NONE
1590263422206,35,NONE
1590263427220,34,NONE
1590263432223,36,NONE
1590263437257,37,NONE
1590263442258,33,NONE
1590263447262,37,NONE
1590263452274,33,NONE
1590263457281,38,NONE
1590263462284,37,NONE
1590263467286,33,NONE
1590263472293,36,NONE
1590263477305,31,NONE
1590263482305,36,NONE
1590263487323,31,NONE
1590263492336,34,NONE
1590263497345,38,NONE
1590263502362,31,NONE
1590263507363,33,NONE
1590263512372,34,NONE
1590263517382,31,NONE
1590263522392,33,NONE
1590263527401,36,NONE
1590263532411,35,NONE
1590263537421,30,NONE
1590263542431,33,NONE
1590263547442,38,NONE
1590263552452,39,NONE
1590263557462,38,NONE
1590263562473,30,NONE
1590263567483,34,NONE
1590267393081,33,NONE
1590267398144,37,NONE
1590267403210,39,NONE
1590267408303,35,NONE
1590267413321,30,NONE
1590267418340,35,NONE
1590267423349,37,NONE
1590267428359,35,NONE
1590267433369,30,NONE
1590267438379,36,NONE
1590267443389,37,NONE
1590267448408,30,NONE
1590267453417,35,NONE
1590267458431,31,FEVER_END_EVENT
1590267464075,30,NONE
1590267469104,30,NONE
1590267474172,37,NONE
1590267479176,30,NONE
1590267484201,38,FEVER_START_EVENT
1590267489762,36,NONE
1590267494762,39,NONE
1590267499777,33,NONE
1590267504777,32,NONE
1590267509786,30,NONE
1590267514796,31,NONE
1590267519805,31,NONE
1590267524815,33,NONE
1590267529825,36,NONE
1590267534835,36,NONE
1590267539845,39,NONE
1590267544854,37,NONE
1590267549874,39,NONE
1590267554883,38,NONE
1590267559893,35,NONE
1590267564904,39,NONE
1590267569913,34,NONE
1590267574924,30,NONE
1590267579934,37,NONE
1590267584943,36,NONE
1590267589953,34,NONE
1590267594962,34,NONE
1590267599973,32,NONE
1590267604983,35,NONE
1590267609992,30,NONE
1590267614993,38,NONE
1590267620003,36,NONE
1590267625013,34,NONE
1590267630023,30,NONE
1590267635033,32,NONE
1590267640043,37,NONE
1590267645053,36,NONE
1590267650063,33,NONE
1590267655080,32,NONE
1590267660081,30,NONE
1590275362531,38,NONE
1590275367726,34,NONE
1590275372898,38,NONE
1590275377977,39,NONE
1590275382987,39,NONE
1590275387988,30,NONE
1590275393001,36,NONE
1590275398006,32,NONE
1590275403007,30,NONE
1590275408007,30,NONE
1590275413026,35,NONE
1590275418037,36,NONE
1590275423045,33,NONE
1590276994501,38,FEVER_START_EVENT
1590279566532,36,NONE
1590279571544,34,NONE
1590279576554,31,NONE
1590279581564,30,NONE
1590279586576,31,NONE
1590279591587,36,NONE
1590279596604,39,FEVER_START_EVENT
1590279690523,33,NONE
1590279695543,31,NONE
1590279700558,31,NONE
1590279705568,34,NONE
1590279710578,33,NONE
1590279715588,34,NONE
1590279720598,36,NONE
1590279725608,35,NONE
1590279730618,34,NONE
1590279735631,35,NONE
1590279740694,34,NONE
1590279745753,31,NONE
1590279750763,38,FEVER_START_EVENT
1590279757371,35,NONE
1590279762382,34,NONE
1590279767392,35,NONE
1590279772402,33,NONE
1590279777420,35,NONE
1590279782442,38,NONE
1590279787459,35,NONE
1590279792480,33,NONE
1590279797498,33,NONE
1590279802511,38,NONE
1590279807521,34,NONE
1590279812533,31,NONE
1590279817543,34,NONE
1590279822559,36,NONE
1590279827607,31,NONE
1590279832624,33,NONE
1590279837634,36,NONE
1590279842644,31,NONE
1590279847655,35,NONE
1590279852666,37,NONE
1590279857676,39,FEVER_END_EVENT
1590279870802,30,NONE
1590279875813,34,NONE
1590279880823,35,NONE
1590279885833,30,NONE
1590279890843,35,NONE
1590279895861,37,NONE
1590279900882,31,NONE
1590279905892,36,NONE
1590279910901,36,NONE
1590279915912,32,NONE
1590279920923,36,NONE
1590279925934,30,NONE
1590279930944,35,NONE
1590279935954,39,FEVER_START_EVENT
1590279941583,33,NONE
1590279946594,38,NONE
1590279951604,34,NONE
1590279956614,38,NONE
1590279961625,37,NONE
1590279966640,34,NONE
1590279971667,38,NONE
1590279976678,31,NONE
1590279981689,32,NONE
1590279986699,39,NONE
1590279991715,30,NONE
1590279996725,33,NONE
1590280001735,39,NONE
1590280006745,34,NONE
1590280011756,34,NONE
1590280016767,33,NONE
1590280021784,36,NONE
1590280026795,30,NONE
1590280031809,37,NONE
1590280036825,35,NONE
1590280041842,39,NONE
1590280046859,39,NONE
1590280051871,32,NONE
1590280056881,36,NONE
1590280061890,39,NONE
1590280066901,30,NONE
1590280071912,34,NONE
1590280076929,36,NONE
1590280081940,38,NONE
1590280086951,35,NONE
1590280091961,35,NONE
1590280096971,38,NONE
1590280101981,38,NONE
1590280106992,39,NONE
1590280112002,37,NONE
1590280117012,38,NONE
1590280122022,36,NONE
1590280127034,33,NONE
1590280132060,34,NONE
1590280137080,39,NONE
1590280142090,35,NONE
1590280147101,36,NONE
1590280152112,39,NONE
1590280157122,37,NONE
1590280162133,36,NONE
1590280167143,34,NONE
1590280172154,38,NONE
1590280177165,33,NONE
1590280182176,37,NONE
1590280187188,38,NONE
1590280192199,30,NONE
1590280197210,35,NONE
1590280202221,33,NONE
1590280207231,31,NONE
1590280212242,31,NONE
1590280217254,37,NONE
1590280222265,30,NONE
1590280227277,39,NONE
1590280232288,39,NONE
1590280237298,34,NONE
1590280242310,30,NONE
1590280247320,38,NONE
1590280252330,32,NONE
1590280257341,34,NONE
1590280262352,34,NONE
1590280267362,35,NONE
1590280272374,32,NONE
1590280277384,37,NONE
1590280282404,39,NONE
1590280287414,35,NONE
1590280292425,33,NONE
1590280297512,31,NONE
1590280302525,35,NONE
1590280307536,33,NONE
1590280312556,35,NONE
1590280317579,33,NONE
1590280322638,31,NONE
1590280327725,39,NONE
1590280332782,33,NONE
1590280337844,31,NONE
1590280342865,38,NONE
1590280347882,39,NONE
1590280352893,31,NONE
1590280357904,31,NONE
1590280362914,36,NONE
1590280367924,31,NONE
1590280372935,37,NONE
1590280377948,35,NONE
1590280382959,34,NONE
1590280387969,35,NONE
1590280392980,32,NONE
1590280397991,39,NONE
1590280403001,36,NONE
1590280408011,31,NONE
1590280413023,31,NONE
1590280418036,36,NONE
1590280423047,31,NONE
1590280428058,30,NONE
1590280433070,33,NONE
1590280438080,31,NONE
1590280443102,32,NONE
1590280448102,34,NONE
1590280453112,32,FEVER_END_EVENT
1590280460085,34,NONE
1590280465086,36,NONE
1590280470099,37,NONE
1590280475122,30,NONE
1590280480122,34,NONE
1590280485140,33,NONE
1590280490142,31,NONE
1590280495144,38,FEVER_START_EVENT
1590280500681,38,NONE
1590280505681,34,NONE
1590280510681,30,NONE
1590280515702,35,NONE
1590280520702,33,NONE
1590280525713,36,NONE
1590280530724,36,NONE
1590280535735,38,NONE
1590280540758,33,NONE
1590280545781,37,NONE
1590280550787,37,NONE
1590280555788,38,NONE
1590280560812,31,NONE
1590280565812,39,NONE
1590280570822,31,NONE
1590280575848,31,NONE
1590280580848,39,NONE
1590280585869,39,NONE
1590280590869,30,NONE
1590280595894,33,NONE
1590280600894,33,NONE
1590280605905,31,NONE
1590280610926,30,NONE
1590280615927,34,NONE
1590280620936,31,NONE
1590280625962,30,NONE
1590280630969,34,NONE
1590280635970,37,NONE
1590280640981,39,FEVER_END_EVENT
1590280646744,31,NONE
1590280651755,36,NONE
1590280656767,35,NONE
1590280661779,33,NONE
1590280666790,33,NONE
1590280671801,33,NONE
1590280676812,32,NONE
1590280681823,30,NONE
1590280686833,33,NONE
1590280691844,32,NONE
1590280696856,35,NONE
1590280701894,33,NONE
1590280706905,30,NONE
1590280711916,30,NONE
1590280716928,34,NONE
1590280721939,32,NONE
1590280726951,30,NONE
1590280731962,34,NONE
1590280736973,36,NONE
1590280741989,33,NONE
1590280747000,32,NONE
1590280752010,34,NONE
1590280757022,36,NONE
1590280762033,32,NONE
1590280767062,39,FEVER_START_EVENT
1590280773688,38,NONE
1590280778698,38,NONE
1590280783710,35,NONE
1590280788720,35,NONE
1590280793731,38,NONE
1590280798741,34,NONE
1590280803752,32,NONE
1590280808764,30,NONE
1590280813775,35,NONE
1590280818786,38,NONE
1590280823798,39,NONE
1590280828810,38,NONE
1590280833859,37,NONE
1590280838928,32,NONE
1590280843954,37,NONE
1590280848962,37,NONE
1590280853994,36,NONE
1590280859014,37,NONE
1590280864014,32,NONE
1590280869029,34,NONE
1590280874029,35,NONE
1590280879049,32,NONE
1590280884069,33,FEVER_END_EVENT
1590280889846,37,NONE
1590280894855,32,NONE
1590280899867,30,NONE
1590280904877,32,NONE
1590280909887,33,NONE
1590280914898,30,NONE
1590280919913,38,FEVER_START_EVENT
1590280928563,32,NONE
1590280933574,38,NONE
1590280938585,30,NONE
1590280943597,36,NONE
1590280948608,30,NONE
1590280953620,32,NONE
1590280958632,37,NONE
1590280963643,30,NONE
1590280968654,35,NONE
1590280973665,34,NONE
1590280978677,33,NONE
1590280983688,38,NONE
1590280988730,35,NONE
1590280993761,34,NONE
1590280998793,36,NONE
1590281003805,39,NONE
1590281008817,37,NONE
1590281013828,34,NONE
1590281018841,32,NONE
1590281023853,35,NONE
1590281028864,32,NONE
1590281033876,39,NONE
1590281038887,32,NONE
1590281043899,34,NONE
1590281048910,36,NONE
1590281053920,33,NONE
1590281058935,30,NONE
1590281063989,37,NONE
1590281068990,34,NONE
1590281073996,33,NONE
1590281079009,37,NONE
1590281084016,37,NONE
1590281089017,33,FEVER_END_EVENT
1590281094852,39,FEVER_START_EVENT
1590281100384,38,NONE
1590281105388,37,NONE
1590281110399,37,NONE
1590281115410,35,NONE
1590281137891,31,NONE
1590281167904,36,NONE
1590281197905,31,NONE
1590281227916,33,NONE
1590281257929,38,FEVER_START_EVENT
1590281289491,30,NONE
1590281319502,36,NONE
1590281349513,31,NONE
1590281379525,30,NONE
1590281409538,36,NONE
1590281439558,30,NONE
1590281469569,35,NONE
1590281499581,30,NONE
1590281529593,39,NONE
1590281559605,37,NONE
1590281589616,36,NONE
1590281619634,34,NONE
1590281649645,30,NONE
1590281679656,36,NONE
1590281709675,36,NONE
1590281739676,34,NONE
1590281769689,34,NONE
1590281799700,37,NONE
1590281829712,34,NONE
1590281859724,33,FEVER_END_EVENT
1590281897515,36,NONE
1590281927515,34,NONE
1590281957531,36,NONE
1590281987542,34,NONE
1590282017554,36,NONE
1590282047572,32,NONE
1590282077582,33,NONE
1590282107594,31,NONE
1590282137606,35,NONE
1590282167617,35,NONE
